record_label,primary_event_date,secondary_event_date
RECENTISH-000,2025-05-28,2025-04-28
RECENTISH-001,2025-05-27,2025-04-26
RECENTISH-002,2025-05-26,2025-04-24
RECENTISH-003,2025-05-25,2025-04-22
RECENTISH-004,2025-05-24,2025-04-20
RECENTISH-005,2025-05-23,2025-04-23
RECENTISH-006,2025-05-22,2025-04-21
RECENTISH-007,2025-05-21,2025-04-19
RECENTISH-008,2025-05-20,2025-04-17
RECENTISH-009,2025-05-19,2025-04-15
RECENTISH-010,2025-05-18,2025-04-18
RECENTISH-011,2025-05-17,2025-04-16
RECENTISH-012,2025-05-16,2025-04-14
RECENTISH-013,2025-05-15,2025-04-12
RECENTISH-014,2025-05-14,2025-04-10
RECENTISH-015,2025-05-13,2025-04-13
RECENTISH-016,2025-05-12,2025-04-11
RECENTISH-017,2025-05-11,2025-04-09
RECENTISH-018,2025-05-10,2025-04-07
RECENTISH-019,2025-05-09,2025-04-05
RECENTISH-020,2025-05-08,2025-04-08
RECENTISH-021,2025-05-07,2025-04-06
RECENTISH-022,2025-05-06,2025-04-04
RECENTISH-023,2025-05-05,2025-04-02
RECENTISH-024,2025-05-04,2025-03-31
RECENTISH-025,2025-05-03,2025-04-03
RECENTISH-026,2025-05-02,2025-04-01
RECENTISH-027,2025-05-01,2025-03-30
RECENTISH-028,2025-04-30,2025-03-28
RECENTISH-029,2025-04-29,2025-03-26
